4930481A15Rik,False
9430060I03Rik,False
Actc1,False
Alg8,False
Anapc13,False
Arhgap31,False
Arl5c,False
Axin1,False
BC028528,False
Bbs4,False
Bccip,False
Bnc2,False
Bola3,False
Card10,False
Cenpv,False
Chchd3,False
Cited4,False
Cmss1,False
Cnot7,False
Cnpy1,False
Col18a1,False
Col1a1,False
Colec12,False
Commd7,False
Cox5a,False
Cpne5,False
Crabp1,False
Creld2,False
Csrp2,False
Ctsl,False
Dazap2,False
Dcc,False
Dcxr,False
Ddx6,False
Dexi,False
Dlk1,False
Dll1,False
Dok1,False
Eea1,False
Eif3b,False
Eif3f,False
Eif4e,False
F11r,False
Fam160b1,False
Fbl,False
Fbxo5,False
Fth1,False
Gars,False
Gas1,False
Gm12355,False
Gm1673,False
Gm26561,False
Gm26917,False
Gm29771,False
Gm3550,False
Gm42418,False
Gm42715,False
Gm5148,False
Gpx1,False
Gpx8,False
H19,False
H2afy,False
H3f3b,False
Hba-a1,False
Hba-a2,False
Hba-x,False
Hbb-y,False
Heg1,False
Hmgb2,False
Hnrnpr,False
Hspa9,False
Hsph1,False
Ifi35,False
Igf2,False
Igfbp4,False
Igfbp5,False
Ilk,False
Ipo13,False
Iqck,False
Itm2a,False
Kif13a,False
Larp4b,False
Ldha,False
Lrrc4c,False
Lsm2,False
Med17,False
Meltf,False
Mest,False
Mif,False
Mmp19,False
Mogs,False
Mrpl19,False
Mrpl35,False
Mt2,False
Myl4,False
Myl9,False
Mylpf,False
Ndufc2,False
Nme4,False
Nop58,False
Nphs1,False
Nsd3,False
Nxn,False
Pcyt2,False
Pdf,False
Peg3,False
Phykpl,False
Pofut2,False
Pold2,False
Ppib,False
Ppie,False
Ppm1g,False
Ppp2r3a,False
Ppp5c,False
Prpf40a,False
Prss27,False
Psmb1,False
Rcbtb2,False
Reps1,False
Rgs6,False
Rnf7,False
Rpap3,False
Rpl22l1,False
Rpl26,False
Rpl5,False
Rpl8,False
Rpl9,False
Rplp1,False
Rps10,False
Rps12,False
Rps18,False
Rps27,False
Rps28,False
Scd2,False
Sec11a,False
Sem1,False
Shisa2,False
Simc1,False
Slc27a4,False
Slc3a1,False
Slirp,False
Smc4,False
Smdt1,False
Smim7,False
Smpd2,False
Snd1,False
Snf8,False
Snrpb,False
Snrpd1,False
Snrpf,False
Sparc,False
Srsf11,False
Ssr2,False
St13,False
St6galnac5,False
Sumo3,False
Tecpr2,False
Tfdp1,False
Timm8b,False
Tmed10,False
Tmsb4x,False
Tnnc2,False
Tom1l2,False
Trappc1,False
Tsen15,False
Ubxn4,False
Uqcr10,False
Vim,False
Vmn2r30,False
Wasf1,False
Wdr70,False
Wdr90,False
Wt1,False
Ybx1,False
Zc3h7a,False
Zfhx3,False
Zfp456,False
mt-Cytb,False
0610010K14Rik,False
1600027J07Rik,False
6330403L08Rik,False
Abt1,False
Acta1,False
Acta2,False
Actr1b,False
Ak2,False
Alg13,False
Alkbh7,False
Ap1ar,False
Ate1,False
Atg13,False
Atxn10,False
Bcl7b,False
Bex3,False
Bmp6,False
Bub3,False
C1qtnf3,False
Camk2n2,False
Ccdc77,False
Ccnd2,False
Ccni,False
Cdip1,False
Cdkn1c,False
Cdon,False
Cep162,False
Cep164,False
Cetn3,False
Chst8,False
Chtop,False
Cks2,False
Cluh,False
Cnot1,False
Cpne8,False
Cstb,False
Ctbp1,False
Ddx21,False
Ddx28,False
Dmrt2,False
Dusp22,False
Eif2ak1,False
Eif2b5,False
Eif2s1,False
Etaa1,False
Fam214b,False
Fam32a,False
Fmr1,False
Gapdh,False
Gm49335,False
Gpsm2,False
Grhl2,False
Grwd1,False
Hbb-bs,False
Hbb-bt,False
Herc1,False
Hist1h2ag,False
Hmbs,False
Hspa5,False
Idnk,False
Igfbp2,False
Itgb5,False
Kif11,False
Larp7,False
Lrpap1,False
Lrrn1,False
Lum,False
Map3k2,False
Maz,False
Mkl1,False
Mme,False
Mrpl14,False
Mrpl42,False
Mrps15,False
Mt1,False
Mtx1,False
Myl3,False
Nbas,False
Ndrg3,False
Nkd2,False
Nol3,False
Nudc,False
Nudt10,False
Ormdl1,False
Peg10,False
Pfdn5,False
Phf5a,False
Pla2g16,False
Polr2f,False
Ppig,False
Prex1,False
Psma1,False
Ptpn2,False
Pycrl,False
Ramp3,False
Rbm43,False
Rbpj,False
Rcn3,False
Rev3l,False
Rnf121,False
Rpl31,False
Rpp14,False
Rsl24d1,False
Rsrp1,False
Ryr2,False
Sec16a,False
Sec61a1,False
Sfmbt1,False
Sfrp2,False
Slc16a3,False
Slc25a51,False
Smarca4,False
Smim20,False
Smn1,False
Snu13,False
Snx5,False
Son,False
Sqstm1,False
Supt6,False
Synpo2l,False
Syt7,False
Tgs1,False
Timm13,False
Tma7,False
Tmed9,False
Tmem259,False
Tmsb10,False
Tnik,False
Tnni1,False
Tnnt2,False
Tor2a,False
Traf2,False
Tuba1a,False
Tube1,False
Use1,False
Usp1,False
Vps53,False
Wasf2,False
Wdr76,False
Wiz,False
Wnt6,False
Zcchc11,False
Zdhhc13,False
Zfp112,False
Zfyve21,False
1700037H04Rik,False
6720489N17Rik,False
9130230L23Rik,False
AC153010.1,False
Acd,False
Acox1,False
Adpgk,False
Aff3,False
Afg3l1,False
Aif1l,False
Akap9,False
Anapc16,False
Ankrd60,False
Ap2s1,False
Arhgap32,False
Arid5b,False
Atad3a,False
Atg16l1,False
Atp2a2,False
Atp6v1b2,False
Avpi1,False
Brap,False
Car8,False
Ccdc125,False
Cdca3,False
Cdk8,False
Chchd10,False
Chchd5,False
Chid1,False
Chmp1a,False
Clk2,False
Cln8,False
Clp1,False
Clstn1,False
Cmtm3,False
Cnksr3,False
Col1a2,False
Col23a1,False
Col3a1,False
Copb1,False
Cox18,False
Cse1l,False
Cul5,False
D11Wsu47e,False
D930016D06Rik,False
Ddt,False
Dek,False
Dmd,False
Dnttip1,False
Dpysl5,False
Ebna1bp2,False
Ehmt2,False
Eif2s2,False
Etfdh,False
Fam199x,False
Fbxw4,False
Fxr1,False
Gabrg3,False
Gadd45b,False
Galnt1,False
Gatad1,False
Gm17018,False
Gmnn,False
Gon4l,False
Grcc10,False
Gtf2b,False
H2-Q7,False
Haus1,False
Hdgfl2,False
Hhex,False
Hk1,False
Hmox2,False
Hoxaas3,False
Hoxc4,False
Hsp90b1,False
Il17rd,False
Kif5c,False
Klra9,False
Krtcap2,False
Lin7c,False
Litaf,False
Lmo4,False
Lonrf1,False
Lrig1,False
Lrmda,False
Madd,False
Med9,False
Mepce,False
Mllt10,False
Mmrn2,False
Mrpl16,False
Mrpl58,False
Nat10,False
Nck1,False
Ndrg2,False
Ngly1,False
Nhej1,False
Nol9,False
Nostrin,False
Nsmce4a,False
Nsun6,False
Ntm,False
Olfml2a,False
P3h1,False
P4hb,False
Pdgfc,False
Pdlim4,False
Pglyrp3,False
Polr2h,False
Pop5,False
Por,False
Ppil3,False
Prpf4,False
Prrx1,False
Prss35,False
Rab14,False
Rab8a,False
Rac3,False
Rbm10,False
Rbm24,False
Rbm8a2,False
Rbms2,False
Rnaseh2b,False
S100a6,False
Sdhc,False
Sdk1,False
Sec13,False
Slc25a37,False
Slc37a2,False
Snapc2,False
Sorl1,False
Spats2,False
Spin1,False
Sqle,False
Srsf9,False
Ssh2,False
Stmn1,False
Supv3l1,False
Taf10,False
Taf6l,False
Tagln,False
Tardbp,False
Tenm4,False
Tex264,False
Tex9,False
Tgfbi,False
Thoc7,False
Tmed1,False
Tmem14c,False
Tmem222,False
Tmem42,False
Tmem97,False
Top1,False
Trim59,False
Trip4,False
Ttc39c,False
Txlna,False
Txn2,False
Ube2j1,False
Ubp1,False
Unc45a,False
Uqcrq,False
Usp29,False
Utp23,False
Vmn2r27,False
Wrb,False
Zbtb11os1,False
Zfp322a,False
Zfp334,False
Zfp653,False
Zfp704,False
Zfp950,False
0610009O20Rik,False
Adam18,False
Anp32b,False
Arg1,False
Arhgdib,False
Arhgef40,False
Arl5b,False
Atg4a,False
Atic,False
Atp1b3,False
Atrn,False
B3galnt2,False
Bex4,False
Bicc1,False
Bud31,False
Cadm1,False
Ccdc68,False
Ccz1,False
Cdc42ep5,False
Cdh3,False
Cdpf1,False
Cers1,False
Chka,False
Ckap5,False
Cox6b2,False
Cryab,False
Epc1,False
Erbin,False
Erlin2,False
Fam241b,False
Fancl,False
Fastkd5,False
Fgfr1op2,False
Fmc1,False
Fn1,False
Fry,False
Gja3,False
Gm30624,False
Gm38832,False
Gng12,False
Gpatch2l,False
Gpc4,False
Gprasp2,False
Gtf2f2,False
Guk1,False
Hdac11,False
Heatr1,False
Hnrnpl,False
Hook2,False
Hopx,False
Hsdl1,False
Ipo7,False
Lama5,False
Limd2,False
Lrrc56,False
Lsm7,False
Lyar,False
Lypla1,False
Mad1l1,False
Mbd3,False
Meg3,False
Mrps16,False
Myh7,False
Myl7,False
Nanos3,False
Nme6,False
Noct,False
Npl,False
Nsd1,False
Nudcd2,False
Nudt15,False
Palld,False
Pcdh7,False
Pde11a,False
Pgp,False
Pla2g3,False
Plcg2,False
Ppp2r2b,False
Ptp4a2,False
Ptx3,False
Pxk,False
Rcbtb1,False
Rint1,False
Rnf135,False
Saysd1,False
Sephs1,False
Slc2a1,False
Slc35g2,False
Slc38a7,False
Stard8,False
Taok2,False
Tbc1d7,False
Tcerg1,False
Tfg,False
Tmem109,False
Tpm4,False
Trim46,False
Ttn,False
Tubb2b,False
Ube2d3,False
Ubl5,False
Vars,False
Wdr86,False
Wnt7b,False
Wwp1,False
1110046J04Rik,False
2410002F23Rik,False
4931414P19Rik,False
Abhd12,False
Abhd17a,False
Acad8,False
Adh5,False
Afap1l1,False
Ano6,False
Arfrp1,False
Armcx4,False
Asic2,False
B230354K17Rik,False
Bola1,False
Brwd3,False
Btf3l4,False
C230099D08Rik,False
Casp3,False
Ccdc97,False
Ccndbp1,False
Cep78,False
Cnn2,False
Cntd1,False
Commd9,False
Cops4,False
Crabp2,False
Crip1,False
Csf1r,False
Csrp3,False
Ctsa,False
Cul7,False
Cyb5r1,False
Dab1,False
Ddhd2,False
Ddx24,False
Dedd2,False
Dnajc15,False
Dqx1,False
Efna2,False
Eno1b,False
Erap1,False
Etv1,False
Fam185a,False
Fam193a,False
Foxc1,False
Fzd2,False
Gid8,False
Gins4,False
Gm20441,False
Gm26695,False
Gm33756,False
Gm38825,False
Gm40323,False
Gm45062,False
Gm49322,False
Gosr1,False
Gpx3,False
Hand2,False
Hexim2,False
Hgsnat,False
Hoxb7,False
Insl6,False
Islr,False
Itga9,False
Kat14,False
Kctd9,False
Khdrbs1,False
Krit1,False
Krt8,False
Lck,False
Lrch1,False
Ly6c2,False
Mad2l1bp,False
Map2k2,False
Mcm9,False
Meox1,False
Mir17hg,False
Mkrn2os,False
Mov10,False
Mprip,False
Mrc2,False
Msi2,False
Msx1,False
Mxra8,False
Myh9,False
Myl2,False
Myof,False
Nab1,False
Ncor1,False
Ndufaf2,False
Nfe2l2,False
Nfx1,False
Nob1,False
Ntn1,False
Nup43,False
Olfr368,False
Paxbp1,False
Pdcd7,False
Pex2,False
Pi4ka,False
Pigk,False
Pip5k1c,False
Pnck,False
Pno1,False
Pola1,False
Postn,False
Ppm1a,False
Ppp1r2,False
Ppp4r3b,False
Prickle2,False
Prrc2c,False
Pygo1,False
Qpct,False
Rexo5,False
Riok3,False
Rpl36al,False
Rufy1,False
Scamp1,False
Serinc3,False
Slc25a28,False
Slc25a38,False
Slc6a6,False
Slc9a3r1,False
Smoc1,False
Sord,False
Spc24,False
Sri,False
Taf2,False
Tbcb,False
Tek,False
Tfpi,False
Thada,False
Tmem132d,False
Tmtc2,False
Tnnt1,False
Topaz1,False
Tpm1,False
Tspan18,False
Tuba1c,False
Uqcc3,False
Vgll2,False
Vps28,False
Vwa5b2,False
Wfdc2,False
Yars,False
Zer1,False
Zfp444,False
Zmym2,False
1500011B03Rik,False
1700027A15Rik,False
2310002L09Rik,False
2510002D24Rik,False
4930533K18Rik,False
5031439G07Rik,False
A130010J15Rik,False
Agfg2,False
Agtrap,False
Alg2,False
Alg9,False
Ano4,False
Arl6,False
Armcx1,False
Arx,False
Ascc1,False
Ascc2,False
Atg12,False
Atp2c1,False
Bbip1,False
Bicd1,False
Bop1,False
Cacna2d3,False
Car2,False
Ccdc50,False
Cd59a,False
Celsr1,False
Cenpw,False
Chchd4,False
Chmp6,False
Chmp7,False
Ckb,False
Clasp1,False
Cndp2,False
Cog1,False
Col2a1,False
Coro1b,False
Crim1,False
Crnkl1,False
Cryz,False
Ctsb,False
Ddx3y,False
Dpp3,False
Dpy19l3,False
Efnb3,False
Eif1b,False
Emb,False
Enoph1,False
Entpd6,False
Fabp7,False
Fam162a,False
Fdxr,False
Fkbp10,False
Fkrp,False
Frmd4b,False
Gal3st3,False
Glb1,False
Gm26573,False
Gm26734,False
Gm44626,False
Gm8113,False
Gpi1,False
Grn,False
Gsdme,False
H2-T22,False
Hars2,False
Hfe2,False
Hint3,False
Hmgcs1,False
Ice1,False
Igf2r,False
Immp1l,False
Imp3,False
Kdelr2,False
Lgr4,False
Lmx1a,False
Lonp2,False
Lrrc1,False
Lrrk1,False
Lzic,False
Mief2,False
Mrpl37,False
Mrpl39,False
Mrps9,False
Msrb2,False
Myf5,False
Nbn,False
Ncaph,False
Ndufs2,False
Nemp2,False
Nfib,False
Npnt,False
Nsfl1c,False
Nup210,False
Ormdl3,False
Pag1,False
Parp16,False
Pdlim5,False
Pex19,False
Pf4,False
Phb2,False
Pkd2l2,False
Polr3g,False
Pop7,False
Ppp2r3c,False
Prrg1,False
Psph,False
Ptrhd1,False
Pycard,False
Rbbp8,False
Rhod,False
Rinl,False
Samd5,False
Sipa1l1,False
Slc22a15,False
Slc25a39,False
Slc30a1,False
Slc38a3,False
Smad5,False
Spg20,False
St6gal1,False
Strip1,False
Styx,False
Tbc1d32,False
Tbcd,False
Tbp,False
Tcf7,False
Thbs3,False
Tmem119,False
Tmem183a,False
Tmem47,False
Tnnc1,False
Tppp3,False
Tra2b,False
Tsix,False
Tysnd1,False
Ube2e2,False
Unc5d,False
Vdac2,False
Wscd1,False
Wwox,False
Xndc1,False
Zbtb24,False
Zcchc3,False
Zdhhc20,False
Zic1,False
Zmym4,False
1500011K16Rik,False
1810024B03Rik,False
2310008N11Rik,False
2610206C17Rik,False
A330093E20Rik,False
AI646519,False
Acss1,False
Actn2,False
Adamtsl1,False
Alkbh5,False
Ankrd13b,False
Arhgap5,False
Arhgap6,False
Arhgef28,False
Arl13b,False
Armcx6,False
Bclaf3,False
Bmp7,False
C77080,False
Ccbe1,False
Cercam,False
Cers5,False
Chd3os,False
Clcn3,False
Cops8,False
Csnk1e,False
Ctnna3,False
Cyb5r3,False
Dnah2,False
Dnm1,False
Elmo2,False
Elp3,False
Ercc8,False
Fam111a,False
Fam210b,False
Fbxo3,False
Fbxo34,False
Fitm1,False
Foxf1,False
Foxg1,False
Fuca1,False
Gata4,False
Gm11973,False
Gm19705,False
Gm26834,False
Gm29430,False
Gm31508,False
Gm49171,False
Gmpr,False
Gpr137c,False
Grm3,False
Gtf2ird1,False
Gyg,False
Hoxd1,False
Iars,False
Ift27,False
Igsf8,False
Itga1,False
Kcng3,False
Klhl24,False
Lars2,False
Lmnb2,False
Lrp2,False
Lsm14a,False
Magi2,False
Meis2,False
Mettl15,False
Mlxip,False
Mstn,False
Mta3,False
Myog,False
Ndfip1,False
Nectin2,False
Nid2,False
Nrde2,False
Nsun7,False
Nucb1,False
Paf1,False
Pax5,False
Plekho1,False
Plk1,False
Plpp5,False
Pmp22,False
Pnkd,False
Pnmal2,False
Pold4,False
Polr3h,False
Ppp1r8,False
Pramef8,False
Prpf40b,False
Pttg1,False
Qsox2,False
Rbm14,False
Rftn2,False
Rfx3,False
Rfx5,False
Rnpep,False
Rora,False
Ryr1,False
Samd4,False
Senp2,False
Sin3b,False
Six2,False
Skiv2l2,False
Slc19a1,False
Slc35b4,False
Slc7a6,False
Slit2,False
Stk11ip,False
Sugp1,False
Synj2bp,False
Syvn1,False
Tctex1d2,False
Tgfb1i1,False
Thoc2,False
Thoc5,False
Timm9,False
Tmem59l,False
Tor1b,False
Trpm7,False
Ttl,False
Twist2,False
Tyk2,False
U90926,False
Ube2h,False
Ubr2,False
Ubr4,False
Usp36,False
Usp46,False
Wdr74,False
Wipi1,False
Wnt2,False
Wrap73,False
Xrn2,False
Zfp398,False
Zfp451,False
Zswim8,False
Zyx,False
1110034G24Rik,False
2810021J22Rik,False
3632451O06Rik,False
AI661453,False
Acsf2,False
Acsf3,False
Adamts1,False
Ahsa2,False
Alox12,False
Apc,False
Apeh,False
Aplp2,False
Asb6,False
Atf6,False
Atg9a,False
Cand2,False
Ccdc61,False
Cdkn1a,False
Cep85l,False
Cers6,False
Chst1,False
Chst14,False
Clstn2,False
Crip2,False
Crtc1,False
D17Wsu92e,False
D830036C21Rik,False
Dcn,False
Dgkh,False
Elavl4,False
En1,False
Enpp2,False
Erlin1,False
Etv4,False
Fabp3,False
Fam184b,False
Fastk,False
Fbxo31,False
Fbxo42,False
Fez1,False
Filip1,False
Flrt3,False
Fuk,False
Gabpb2,False
Gm42688,False
Gm9008,False
Gna12,False
Gpat4,False
Hoxc5,False
Hoxc8,False
Ireb2,False
Irs2,False
Isoc1,False
Jag1,False
Kifc1,False
Lcor,False
Lman2l,False
Lrrc41,False
Marf1,False
Mbd4,False
Mlh1,False
Mn1,False
Mrfap1,False
Mtpap,False
Ndufa6,False
Net1,False
Nufip2,False
Panx1,False
Parp11,False
Pdcd4,False
Plk3,False
Polm,False
Polr2l,False
Ppp1r16b,False
Ppp2r5a,False
Prdx5,False
Prkar2b,False
Ptdss1,False
Ptgr1,False
Rhbdd2,False
Ripk4,False
Rmi2,False
Rnd2,False
Rpgr,False
Scrn2,False
Sdhaf3,False
Snai2,False
Snrk,False
Spata7,False
St3gal5,False
Stx17,False
Suclg2,False
Suds3,False
Synpo2,False
Tcf7l2,False
Tcte2,False
Timm17a,False
Timmdc1,False
Tmem181a,False
Tmem216,False
Tmem250-ps,False
Tmem260,False
Tmem43,False
Tmem65,False
Tmem67,False
Tom1,False
Trim41,False
Ttc30b,False
Txnrd3,False
Vps13b,False
Zfp605,False
0610037L13Rik,False
1600020E01Rik,False
3110082I17Rik,False
9130204K15Rik,False
AI464131,False
Abcf3,False
Abcg2,False
Alcam,False
Alg3,False
Alkbh4,False
Apod,False
Atp13a1,False
B4galt3,False
BC004004,False
Bmp4,False
Brd3,False
Btbd2,False
Cand1,False
Casq1,False
Ccdc187,False
Cebpg,False
Cenpm,False
Cenpq,False
Cldn5,False
Cyp51,False
Ddx52,False
Dennd3,False
Dmgdh,False
Dolk,False
Dph5,False
Dtnbp1,False
Eepd1,False
Erp44,False
Fam183b,False
Fibp,False
Flot2,False
Foxo3,False
Fsip1,False
Gabpa,False
Ginm1,False
Glrx2,False
Gm16286,False
Gm28047,False
Gm37494,False
Gm5524,False
Gnptg,False
Got2,False
Gphn,False
Gpn3,False
Gprasp1,False
Hdac5,False
Igf2bp3,False
Igsf3,False
Il18,False
Imp4,False
Ipo8,False
Kbtbd11,False
Kcnh7,False
Kdelc2,False
Kif26b,False
Klhdc3,False
Krt10,False
Lctl,False
Lrrc61,False
Map1b,False
Mettl13,False
Mettl25,False
Mettl26,False
Mia3,False
Miip,False
Mlip,False
Mospd1,False
Mul1,False
Mybpc3,False
Mymx,False
Mypop,False
Myrf,False
Ndrg4,False
Nkx2-9,False
Pcca,False
Pex11b,False
Pex12,False
Pign,False
Psmg3,False
Pycr2,False
Rab3gap2,False
Rnf8,False
Rpp21,False
Rspo3,False
Scarb2,False
Scml2,False
Sec1,False
Serinc5,False
Slc11a2,False
Slc19a2,False
Sox6,False
St8sia2,False
Tcp11,False
Tex22,False
Tmem141,False
Tmem9,False
Tmem9b,False
Tnc,False
Tomm34,False
Tsr2,False
U2af1l4,False
Ube2l6,False
Ube2w,False
Upk1a,False
Vps52,False
Xpo4,False
Zfat,False
Zfp280c,False
Zfp397,False
Zfp661,False
Zkscan17,False
Zmat5,False
1110012L19Rik,False
2810001G20Rik,False
3110045C21Rik,False
AC154546.2,False
Acot1,False
Acot11,False
Actr2,False
Adck1,False
Alg6,False
Alx1,False
Anks1,False
Apbb2,False
Atg14,False
Atp2b1,False
Btg1,False
Btg4,False
Bub1,False
Ccdc186,False
Cd38,False
Celsr2,False
Chl1,False
Cnnm4,False
Cog5,False
Crocc,False
Csnk1d,False
Cthrc1,False
D5Ertd615e,False
Dda1,False
Ddx41,False
Ddx51,False
Dennd4b,False
Dhrs3,False
Dkk2,False
E130307A14Rik,False
Eaf1,False
Fam174b,False
Fam19a2,False
Fer,False
Fign,False
Flt1,False
Fut8,False
Gcc2,False
Gcnt1,False
Gm17268,False
Gm31793,False
Gmppb,False
Gmps,False
Gng11,False
Gnl1,False
Grtp1,False
H2-Q2,False
Hoxb8,False
Hoxc6,False
Hoxc9,False
Hspb11,False
Lgi4,False
Lonp1,False
Mcts1,False
Med24,False
Mgmt,False
Myzap,False
Ndst2,False
Necab2,False
Nol4l,False
Nppb,False
Pard6g,False
Parm1,False
Pde6c,False
Pex5l,False
Plat,False
Plbd2,False
Plpbp,False
Prkra,False
Rapgef5,False
Ripk3,False
Rpa1,False
Rpl23a,False
Rtl8b,False
S100a8,False
Sh3rf1,False
Shroom3,False
Sirt6,False
Slc25a17,False
Slc39a3,False
Slc46a1,False
Smpd1,False
Sncg,False
Spata6,False
Spindoc,False
Spon1,False
Stk25,False
Stk32b,False
Stx5a,False
Tab2,False
Tbce,False
Tgoln1,False
Tmem126a,False
Tmem164,False
Tmem41b,False
Tsc1,False
Ube2b,False
Ubox5,False
Uncx,False
Vhl,False
Wdr18,False
Wdr5b,False
Wnt16,False
Zfp120,False
Zfp383,False
Zfp647,False
Zfp9,False
Zfyve19,False
A430078G23Rik,False
A930004D18Rik,False
Acsl3,False
Axl,False
BC005561,False
Baiap3,False
Baz1a,False
Bicdl1,False
Borcs8,False
Camsap3,False
Cdk9,False
Cfl2,False
Chaf1a,False
Chtf8,False
Cradd,False
Cramp1l,False
Ddx23,False
Dpf3,False
Dzip1,False
E330009J07Rik,False
Efna5,False
Enho,False
Fam126b,False
Fam198b,False
Fam69c,False
Fanci,False
Fbxl12os,False
Fpgt,False
Gamt,False
Gm45194,False
Greb1l,False
Hapln1,False
Hdac7,False
Hmga1,False
Hmgxb3,False
Ikbip,False
Il31ra,False
Ints3,False
Intu,False
Kcnj10,False
Kremen1,False
Lmf2,False
Lpl,False
Mb21d2,False
Mgst3,False
Myl1,False
Nans,False
Ndufs8,False
Nol12,False
Nup62cl,False
Paxx,False
Pcnt,False
Pdha1,False
Phax,False
Pigq,False
Plpp2,False
Pnkp,False
Ppp1r21,False
Prkaa2,False
Prl2c5,False
Prpf18,False
Prpf38b,False
Psmc5,False
Qrsl1,False
Rad52,False
Rela,False
Rfc3,False
Sgpp2,False
Slc22a4,False
Slc25a23,False
Slc39a10,False
Slc4a2,False
Sowahc,False
Stk40,False
Sulf1,False
Sypl,False
Taz,False
Tcf15,False
Thra,False
Tns3,False
Traf6,False
Trim2,False
Ttc26,False
Usf3,False
Usp13,False
Uxs1,False
Wdtc1,False
Zfp446,False
Zfp882,False
Zfp938,False
Zswim4,False
2310034G01Rik,False
2810474O19Rik,False
2900076A07Rik,False
9030624J02Rik,False
Abhd8,False
Acap3,False
Adamts9,False
Afg3l2,False
Aldh1a2,False
Apip,False
Arhgef26,False
B3gat3,False
Bbs2,False
Bet1l,False
C920021L13Rik,False
Cap1,False
Ccl2,False
Cdh15,False
Cdkn2aip,False
Cfap69,False
Dclk2,False
Dgcr6,False
Dlg5,False
Dok7,False
Dph7,False
Dusp18,False
Ecscr,False
Edf1,False
Emp1,False
Ephb3,False
Fam84b,False
Fbxl5,False
Fchsd2,False
Foxp1,False
Gabrp,False
Gatb,False
Gbe1,False
Gk,False
Gpr35,False
Hirip3,False
Hivep1,False
Inpp5k,False
Kif18b,False
Lmo1,False
Lrp1b,False
Mapk10,False
March1,False
Mars,False
Mgll,False
Mroh2a,False
Mtor,False
Nppa,False
Ostm1,False
Pantr1,False
Prickle1,False
Prorsd1,False
Ptges3l,False
Ptprt,False
Ralgds,False
Rfx4,False
Rnf166,False
Rnf168,False
Scube1,False
Sema3f,False
Sept7,False
Sft2d1,False
Stoml1,False
Tex2,False
Tfap2a,False
Tfpt,False
Tkt,False
Tm9sf4,False
Tmem161b,False
Ulk2,False
Utrn,False
Xpo7,False
Zcchc17,False
Zcchc24,False
2310039L15Rik,False
A830008E24Rik,False
AC129186.1,False
Abhd11,False
Acap2,False
Adh1,False
Alkbh3,False
Ano9,False
Arhgef17,False
Arl8b,False
Asns,False
B9d1os,False
C3ar1,False
Car11,False
Cdyl,False
Clasp2,False
Cldn6,False
Cpt2,False
Ddx50,False
Dnal4,False
Dstyk,False
Dync1i1,False
Eml5,False
Endog,False
Fam35a,False
Fkbp11,False
Gm28042,False
Gm34184,False
Gm49395,False
Golt1b,False
Gpalpp1,False
Gprc5c,False
Grip2,False
Ifnlr1,False
Krt18,False
Lrig2,False
Lrrc58,False
March8,False
Myf6,False
Nagk,False
Nefm,False
Nin,False
Olfr750,False
Oxld1,False
Oxr1,False
Pex7,False
Phyhipl,False
Prickle3,False
Ptprz1,False
Rcor1,False
Ripor1,False
Rnd3,False
Sall2,False
Sec61g,False
Shisa5,False
Ska3,False
Slc29a1,False
Slit1,False
Stard10,False
Sv2b,False
Syne3,False
Tbata,False
Tcf20,False
Tfap2b,False
Tmem177,False
Tpm2,False
Trim8,False
Trio,False
Tsr3,False
Ttr,False
Washc1,False
Zfp235,False
Zfp597,False
9930021J03Rik,False
Abhd18,False
Adamts17,False
Amz2,False
B230311B06Rik,False
Bphl,False
Brms1l,False
Ccdc42,False
Chml,False
Coq5,False
Csgalnact2,False
Cyp27a1,False
Dapk2,False
Dbx1,False
Ddit4l,False
Dlg2,False
Efs,False
Eml6,False
Epg5,False
Galnt5,False
Gm14325,False
Gm47499,False
Gm47708,False
Hes5,False
Hexim1,False
Hk2,False
Idua,False
Il4ra,False
Itpr2,False
Jade1,False
Lrch4,False
Matn2,False
Nfasc,False
Nkap,False
Nova1,False
Nr2e1,False
Nrtn,False
Ntpcr,False
Numb,False
Pcdh9,False
Plac8,False
Plcd4,False
Plgrkt,False
Pou2f1,False
Prkag1,False
Prl8a2,False
Prmt9,False
Rin2,False
Sart1,False
Scly,False
Sec24d,False
Shb,False
Slc27a3,False
Slc35a2,False
Sp6,False
Spock1,False
Spry1,False
Stx3,False
Tcirg1,False
Tepp,False
Tiam2,False
Tmed8,False
Tmem88,False
Tmub2,False
Trim55,False
Ttc6,False
Vamp8,False
Zfp959,False
AA986860,False
Acsl6,False
Amer2,False
Atp4b,False
BC051019,False
Bank1,False
Bgn,False
Bves,False
Camk1d,False
Cavin2,False
Cdk5,False
Clu,False
Cmah,False
Cobl,False
Coq3,False
Csrnp3,False
Dffa,False
Diaph2,False
Dmrtb1,False
Eci1,False
Fbxl12,False
Fbxl19,False
Flywch2,False
Fzd6,False
Gabarapl1,False
Gm10457,False
Gm30165,False
Gm8369,False
Gpc1,False
Gstm4,False
Gucy1a2,False
Haus4,False
Kmt2c,False
Lamc2,False
Lysmd2,False
Man2b1,False
Masp1,False
Mfsd3,False
Micu3,False
Myh3,False
Nfatc4,False
Nlrp4e,False
Nrg1,False
Nup93,False
Paox,False
Parpbp,False
Pde1c,False
Pex5,False
Ppm1m,False
Ppp1r13b,False
Prdm2,False
Ptpru,False
Rab3il1,False
Rasl11b,False
Rcsd1,False
Rfwd3,False
Rgs9,False
Rnaseh2a,False
Rnf213,False
Scfd2,False
Scrn3,False
Sec31a,False
Sema3e,False
Sfn,False
Sgk3,False
Shmt1,False
Slc25a35,False
Slc30a6,False
Sorcs3,False
Tgif2,False
Thnsl2,False
Tmem108,False
Tmem121,False
Tmem214,False
Tnip1,False
Trim42,False
Tti1,False
Twnk,False
Zfp330,False
Zscan26,False
Zxdc,False
1110035H17Rik,False
1110065P20Rik,False
6720427I07Rik,False
Abcc9,False
Accs,False
Ankrd33b,False
Arhgef16,False
B3gntl1,False
Blvrb,False
Cdh4,False
Cdk11b,False
Cdk18,False
Clk3,False
Crym,False
Dlg3,False
Dnajb9,False
Dnmt3b,False
Eif2ak3,False
Epcam,False
Fam174a,False
Fbxw9,False
Gba,False
Gm14214,False
Gm26870,False
Gm49388,False
Gpx7,False
Gxylt2,False
Hist1h3a,False
Ina,False
Kbtbd2,False
Large2,False
Leprot,False
Ltbp4,False
Mapkbp1,False
Med20,False
Mfsd1,False
Mfsd10,False
Mybph,False
Nat8f1,False
Pspc1,False
Ptch2,False
Pycr1,False
Sgpl1,False
Slc1a5,False
Slc9a1,False
Soga1,False
Stard5,False
Stk4,False
Stmn2,False
Tab1,False
Trp53inp2,False
Tsacc,False
AC174678.1,False
Angptl4,False
Ap3b2,False
Artn,False
Brf2,False
Btbd16,False
Ccdc191,False
Ccl27a,False
Ccnjl,False
Cep135,False
Eda,False
Efna3,False
Fam19a1,False
Fam69b,False
Foxf2,False
Gm17586,False
Gm35217,False
Gm6277,False
Hdac3,False
Hgf,False
Hs6st1,False
Il1rapl2,False
Kantr,False
Kiz,False
Lama4,False
Lurap1l,False
Manba,False
Mroh1,False
Myadm,False
Nav3,False
Nhsl1,False
Nrxn3,False
Nt5c3b,False
Plek,False
Polr1e,False
Rab5b,False
Rassf7,False
Rbpms,False
Retreg1,False
Rnf113a1,False
Rspry1,False
Rtl5,False
Sertad1,False
Sim1,False
Slc44a2,False
Slc45a4,False
Slc5a4b,False
Slc9a3,False
Slx4ip,False
Tbc1d24,False
Tbk1,False
Thsd7a,False
Trf,False
Trpa1,False
Unc13b,False
Vps26b,False
Zfp143,False
Zfp65,False
1810032O08Rik,False
4921516A02Rik,False
Abca12,False
Acads,False
Bcap29,False
Bmp8b,False
Ccdc30,False
Cd101,False
Dohh,False
Fam149a,False
Fam58b,False
Fcer1g,False
Flrt1,False
Fut10,False
Galnt18,False
Ganc,False
Gatm,False
Hivep2,False
Hps1,False
Hspb7,False
Id4,False
Ifrd1,False
Il11,False
Kdm4a,False
Large1,False
Larp1b,False
Macrod1,False
March2,False
Mtap,False
Neb,False
Nexn,False
Npas1,False
Nphp1,False
Orai2,False
Pcdh15,False
Pitx1,False
Scarf2,False
Scnm1,False
Sipa1l3,False
Timm29,False
Tjap1,False
Tldc1,False
Tle2,False
Triap1,False
Txndc11,False
Yipf3,False
Zc3h14,False
Zfp358,False
Zfp512b,False
1300002E11Rik,False
4930588K23Rik,False
Aurka,False
Btbd11,False
Ccpg1,False
D7Ertd443e,False
Dusp23,False
Efcab2,False
Fam49a,False
Fap,False
Fem1a,False
Frat2,False
Glmp,False
Gm35890,False
Gm45397,False
Gm48486,False
Gpr108,False
Hsd17b2,False
Irx1,False
Itgam,False
Kel,False
Kif3c,False
Mpzl3,False
Mybpc1,False
Patj,False
Phox2b,False
Plcxd1,False
Sema4c,False
Slc25a10,False
Snx24,False
Sox3,False
Stard13,False
Sugp2,False
Ubl7,False
Xylt2,False
1600014C23Rik,False
2810006K23Rik,False
Apba3,False
Arhgap22,False
B4galnt4,False
Ccdc181,False
Chrnb4,False
Csad,False
Fancd2,False
Klrg2,False
Muc16,False
Ndufaf6,False
Neil1,False
Phactr1,False
Tmem19,False
Tprkb,False
Ypel3,False
1700025F22Rik,False
1700080G11Rik,False
Afp,False
Anxa6,False
Arhgap23,False
Atxn3,False
BC049352,False
C1rl,False
Cacna1a,False
Ceacam19,False
Cish,False
Dpy19l4,False
Fbxo9,False
Gm12766,False
Gm14015,False
Il17b,False
Kif21b,False
Klhl30,False
Lhx9,False
Lyz2,False
Man1c1,False
Meox2,False
Mllt11,False
Nbl1,False
Nr2c1,False
Ociad2,False
Osr1,False
Pex6,False
Pms1,False
Ppp3ca,False
Rgs2,False
S100a1,False
Slc22a23,False
Slc30a7,False
Spi1,False
Tapt1,False
Tet2,False
Tmem38a,False
Trim56,False
Zcchc6,False
Zfp940,False
Zmym3,False
2610002M06Rik,False
4930509G22Rik,False
Ap2b1,False
Asrgl1,False
C2cd3,False
Ccdc80,False
Cdkl4,False
Dnajc6,False
Entpd1,False
Flvcr1,False
Gm12666,False
Gm36423,False
Gm40518,False
Gm41335,False
Gm45890,False
Gramd1a,False
Hmbox1,False
Hs1bp3,False
Kcnj12,False
Lemd2,False
Lmf1,False
Mphosph9,False
Myh6,False
Nebl,False
Nipsnap3b,False
Nlrx1,False
Nr4a2,False
Pmm1,False
Ptchd4,False
Rhpn1,False
Slc1a6,False
Slc35f2,False
Sowahb,False
Spaca6,False
Tefm,False
Unc5c,False
Wnk2,False
Zfp248,False
Zfp715,False
AC122551.1,False
Acacb,False
Adgrv1,False
Ankrd1,False
Arhgef11,False
Ddx55,False
Echdc3,False
Fam83b,False
Gm12239,False
Gm33093,False
Gm33460,False
Gm45554,False
Gm46430,False
Gpkow,False
Gucy1a1,False
Hbq1b,False
Kctd2,False
Lmbrd2,False
Lpar3,False
Mmp15,False
Pcbp3,False
Pip4k2c,False
Plxna2,False
Pros1,False
Rad23a,False
Rnf31,False
Scap,False
Sh3glb1,False
Slc6a15,False
Slit3,False
Stap2,False
Susd1,False
Tubgcp6,False
Zscan2,False
1810044D09Rik,False
Alpk3,False
Apmap,False
Col27a1,False
Coro2a,False
Cyp3a59,False
Fbxo8,False
Fbxw17,False
Gm27169,False
Gm47469,False
Lrrk2,False
Malt1,False
Shisa8,False
Syne4,False
Tbccd1,False
Tshz2,False
Tyro3,False
Zdhhc7,False
Zic3,False
9330160F10Rik,False
A4galt,False
Akap10,False
Akr1b10,False
Aldh6a1,False
B3galnt1,False
Bbs12,False
Bbs9,False
Bok,False
Bspry,False
Cbwd1,False
Cd3eap,False
Cdk5r1,False
Cep152,False
Cep85,False
Col6a3,False
Cyp26b1,False
Cyp46a1,False
D430042O09Rik,False
Derl2,False
Des,False
Efr3b,False
Egfl7,False
Emp2,False
Erbb3,False
Esrrb,False
Eya4,False
Fhod1,False
Fkbp14,False
Folr1,False
Gm49361,False
Gm7694,False
Grb7,False
Grm5,False
Hoxa5,False
Hsdl2,False
Hspb2,False
Hyou1,False
Ift81,False
Igsf11,False
Itpripl1,False
Kcnmb2,False
Klhdc8b,False
Lactb2,False
Mcub,False
Mef2c,False
Mmp14,False
Mpv17l2,False
Msx2,False
Npc1,False
Nrk,False
Olfr381,False
P4ha3,False
Parp12,False
Pdlim2,False
Pdlim3,False
Pias3,False
Prox1,False
Prrg2,False
Prss8,False
Rabep2,False
Rabl6,False
Rnf141,False
Rnf214,False
Rras,False
Sat1,False
Scoc,False
Selenbp1,False
Serpinf2,False
Shank1,False
Slc12a6,False
Stard3,False
Syngr3,False
Tctn3,False
Tgfbr2,False
Tkfc,False
Tmem117,False
Trim13,False
Umad1,False
Upk3b,False
Urb1,False
Usp18,False
Wnt7a,False
Yipf1,False
Zc4h2,False
Zeb2os,False
Zfp180,False
Zfp2,False
4930513N10Rik,False
A230077H06Rik,False
A430033K04Rik,False
Abhd5,False
Abi1,False
Acp5,False
Adra1a,False
Aebp1,False
Art3,False
Asb1,False
Atad5,False
Cc2d2a,False
Cntn1,False
Creb3l1,False
Crispld2,False
D2hgdh,False
Disc1,False
Dynlt3,False
Etohd2,False
Fam19a4,False
Fermt3,False
Fhl2,False
Fosl2,False
Frmd8os,False
Gm12866,False
Gm16090,False
Gm20939,False
Gm26541,False
Gm26724,False
Gm31227,False
Gm48742,False
Gp9,False
Gypc,False
Hccs,False
Hic2,False
Hist1h1d,False
Hykk,False
Junb,False
Kifc5b,False
Ly6g5c,False
Mbnl3,False
Mef2d,False
Mmp23,False
Mutyh,False
Mylk3,False
Myom1,False
Nabp1,False
Ndufb3,False
Negr1,False
Ppbp,False
Prrt4,False
Rab27b,False
Rp2,False
Sh3bgr,False
Slc18a2,False
Slc48a1,False
Smoc2,False
Sostdc1,False
Tgm4,False
Tmem147os,False
Tonsl,False
Trim45,False
Ttc37,False
Wisp1,False
Zkscan14,False
1110008L16Rik,False
4930550C14Rik,False
5430431A17Rik,False
A430046D13Rik,False
Ampd1,False
Ano1,False
Asic4,False
Bcl2l14,False
Brox,False
Cacnb3,False
Calca,False
Car1,False
Ccng1,False
Cd5,False
Chd1l,False
Cybrd1,False
Cyp27b1,False
Daam2,False
Dsc2,False
Eef2kmt,False
Epha3,False
Foxp3,False
Gata3,False
Glis3,False
Gm10714,False
Gm2a,False
Gm44973,False
Gss,False
Gtse1,False
Ikzf4,False
Ldlrap1,False
Ly96,False
Map2k3,False
Mtrr,False
Mylip,False
Ncald,False
Ophn1,False
Otud7b,False
P2ry14,False
P4ha2,False
Pcolce2,False
Pcsk9,False
Plxna3,False
Polrmt,False
Rbmx2,False
Sacs,False
Scn8a,False
Siah2,False
Slc8a1,False
Slitrk5,False
Smarcal1,False
Spopl,False
Srpk3,False
Stat4,False
T,False
Taf1b,False
Tcea3,False
Tfap2c,False
Thbs1,False
Thrb,False
Tmc7,False
Trdn,False
Trp53inp1,False
Txndc16,False
Vps45,False
Vps50,False
Wdr66,False
Xxylt1,False
Zbtb6,False
Zfp12,False
Zfp60,False
1700086O06Rik,False
6230400D17Rik,False
AW209491,False
Abcd4,False
Agbl4,False
Atp5g2,False
Bdh1,False
Cdc42ep1,False
Cklf,False
Ctf1,False
Ctnna2,False
Cxcl14,False
Dhrs13,False
Dnajc27,False
Efna1,False
Eipr1,False
Elmo1,False
Fam234b,False
Gadd45g,False
Gcnt3,False
Gm21814,False
Gm28694,False
Gm31135,False
Gm37202,False
Grhl3,False
Heatr6,False
Igfbpl1,False
Igsf5,False
Mbp,False
Mif4gd,False
Mmgt1,False
Ndufaf7,False
Olfr1350,False
Panx3,False
Pomt1,False
Pqlc2,False
Prr3,False
Psen2,False
Ptgfr,False
Rabggta,False
Rims2,False
Rnf144b,False
Rnf208,False
Rnpc3,False
Rrp36,False
S100a9,False
Sepsecs,False
Sfxn2,False
Smim3,False
Snrnp48,False
Tbx20,False
Tmem245,False
Treml2,False
Unc45b,False
Zcchc4,False
1110006O24Rik,False
1700017B05Rik,False
1700048O20Rik,False
4930448H16Rik,False
AC117608.1,False
AI480526,False
Aamdc,False
Aff2,False
Amd1,False
Ankrd16,False
Arid5a,False
Bcl11b,False
Cda,False
Cep104,False
Dcun1d3,False
Dgat1,False
Dpysl3,False
Elmod2,False
Epn3,False
Fam126a,False
Fam206a,False
Fez2,False
Frmd8,False
Gm10036,False
Gm29012,False
Gm32061,False
Grin2b,False
Gstm2,False
Itga4,False
Jmjd4,False
Klhl5,False
Lclat1,False
Lypd6,False
Msh5,False
Msl3l2,False
Mtg1,False
Mus81,False
Neil3,False
Nol4,False
P2rx4,False
Palm2,False
Pced1a,False
Pcnx4,False
Pidd1,False
Pif1,False
Pms2,False
Prr13,False
Prr5,False
Ptger4,False
Rab11fip1,False
Rab5a,False
Rasgrp2,False
Rc3h2,False
Sall1,False
Serpinb6b,False
Slc5a3,False
Slc9a7,False
Strip2,False
Taf8,False
Tbx15,False
Tinagl1,False
Tox2,False
Tyrobp,False
Upk3bl,False
Usp45,False
Wdr60,False
Wipf3,False
Xylt1,False
Zfp623,False
Zfp646,False
5730480H06Rik,False
Abhd16a,False
Ano8,False
B230217C12Rik,False
BC030867,False
C130026I21Rik,False
Cdc42ep3,False
Cdkn3,False
Ell2,False
Ethe1,False
Fam234a,False
Fancf,False
Gfi1b,False
Gm20605,False
Gm2061,False
Gm29478,False
Gnal,False
Gstp1,False
H2-Ke6,False
Hhat,False
Lhx4,False
Mid2,False
Mlf1,False
Mrap,False
Nacc2,False
Neat1,False
Nuak2,False
Park2,False
Plch2,False
Rab6b,False
Rngtt,False
S1pr1,False
Sap130,False
Shq1,False
Sirt4,False
Slc35d2,False
Smco2,False
Spag6l,False
Syt17,False
Tapbp,False
Trappc2l,False
Wnt3,False
Zdhhc15,False
Zfp977,False
2610016A17Rik,False
2610037D02Rik,False
4930556J02Rik,False
A830005F24Rik,False
Cap2,False
Ccnb1ip1,False
Cgn,False
Chpf,False
Cldn4,False
Clec11a,False
Cox6a2,False
Cp,False
Cyth1,False
Dnaaf1,False
Ercc2,False
Fancc,False
Fcgr1,False
G0s2,False
Gm14221,False
Gm34158,False
Gm46323,False
Hilpda,False
Il17d,False
Il17re,False
Kcnab1,False
Map3k20,False
Mastl,False
Megf10,False
Onecut2,False
Osbpl7,False
Pde3a,False
Popdc2,False
Rnf167,False
Rusc2,False
Serpinb6c,False
Slc27a1,False
Slc4a3,False
Sox7,False
Ston2,False
Tnfrsf12a,False
Trim24,False
Vstm4,False
Zfp386,False
Zmat1,False
4933407L21Rik,False
A430106G13Rik,False
AC161165.6,False
Abhd3,False
Actn3,False
Adamts20,False
Aldh3b3,False
Apom,False
Atp6v0d2,False
Celf4,False
Clcn2,False
Clcn4,False
Cyld,False
Dnah1,False
Dnajb4,False
E130304I02Rik,False
Fads3,False
Fjx1,False
Gm29683,False
Gm42517,False
Gnai1,False
Golga2,False
H6pd,False
Has2,False
Hspb8,False
Htra1,False
Inpp5a,False
Klf2,False
Naga,False
Nefl,False
Ogg1,False
Olfr15,False
Pax1,False
Pcsk4,False
Rasl12,False
Rhbdf1,False
Rpp40,False
Rtkn,False
Slc35b3,False
Smyd4,False
Stra6,False
Tcf21,False
Thg1l,False
Tmem205,False
Tmem251,False
Trim68,False
Vps37c,False
Wbp2,False
Zbtb2,False
Zfp39,False
Amacr,False
Atg10,False
Atmin,False
BC055324,False
Cck,False
Cep57l1,False
Cnpy3,False
Col22a1,False
D130079A08Rik,False
Erbb4,False
Fam173b,False
Frmpd4,False
Gm12166,False
Gm15050,False
Gm43796,False
Gm44596,False
Gm45708,False
Haspin,False
Hoxb1,False
Ifitm1,False
Ism2,False
Kank1,False
Lcmt1,False
Lonrf2,False
Ltbp2,False
Mllt6,False
Mlph,False
Mmp9,False
Myo1d,False
Myod1,False
Nckipsd,False
Ppcs,False
Prn,False
Rad54b,False
Rbks,False
Rft1,False
Rmdn1,False
Rps6ka4,False
Sel1l3,False
Sema3d,False
Stmn4,False
Tdh,False
Vgll3,False
Wdr41,False
Wnt1,False
Yod1,False
Zfp846,False
Zscan21,False
Aim2,False
Aldh16a1,False
Aqp9,False
Arhgap27,False
Aste1,False
C430049E01Rik,False
Cd46,False
Cdh16,False
Dupd1,False
Edn3,False
Ercc4,False
Fam13b,False
Fam169b,False
Fbxl15,False
Fgfr4,False
Gdpd5,False
Gm15441,False
Gm26813,False
Gm42610,False
Hist1h4d,False
Kif1a,False
Lag3,False
Man2a1,False
Nat6,False
Pcp4l1,False
Pik3c2a,False
Poc1a,False
Ppp6r1,False
Ranbp3l,False
Rom1,False
Shisa6,False
Slc2a13,False
Smyd1,False
Tacr3,False
Thbs4,False
Tmem218,False
Tubb3,False
Unc5a,False
AC161199.1,False
Acoxl,False
Adamts5,False
Adcyap1r1,False
Armc5,False
Atg16l2,False
Atp8b5,False
Atxn1,False
Clnk,False
Cpa6,False
Crb1,False
Dirc2,False
Dusp13,False
Dusp5,False
Efcab1,False
Elovl2,False
Emx2,False
Esrrg,False
Exoc3l2,False
Fam78a,False
Fbln7,False
Gnao1,False
Gorasp1,False
H2-Q4,False
Ighmbp2,False
Ins2,False
Kcnma1,False
Ldb3,False
Lrmp,False
Mfsd11,False
Mlycd,False
Nkain3,False
Pdxk,False
Pln,False
Sardh,False
Sidt1,False
Tal2,False
Thap3,False
Tmbim1,False
Tmem106c,False
Tmem28,False
Usp9x,False
Vcan,False
Zfp574,False
AC154568.1,False
Acsl1,False
Actr5,False
Aph1c,False
Bscl2,False
Caps2,False
Ccdc141,False
Ces4a,False
Dnah6,False
Fam189b,False
Fam46c,False
Gm30835,False
Gm49126,False
Gpr146,False
Ikbkb,False
Lmo3,False
Lmx1b,False
Mmaa,False
Mmgt2,False
Mroh7,False
Pbxip1,False
Pcsk2,False
Plxnc1,False
Rcor3,False
Rspo2,False
Tac2,False
Tyw3,False
Uox,False
Zc3h10,False
Zfp672,False
4931440J10Rik,False
Akap5,False
Alb,False
Alx3,False
Ap1g2,False
Bpnt1,False
Corin,False
Cpeb2,False
Dennd2d,False
Dyx1c1,False
Fbxl22,False
Fmnl1,False
Foxa2,False
Gfpt2,False
Gm10701,False
Gm12681,False
Gm15601,False
Gm1715,False
Gm20618,False
Gm3764,False
Gm48202,False
H2-Oa,False
Icosl,False
Jmjd7,False
Lat,False
Lrrtm4,False
Lsp1,False
Npdc1,False
Pctp,False
Rap1gap2,False
Rbfox1,False
Rem2,False
Rgs5,False
Sh3gl2,False
Slc6a9,False
Sln,False
Sphk2,False
Tmem116,False
Tspan8,False
Usp54,False
Zfp335os,False
1700113A16Rik,False
4930526L06Rik,False
Ap5m1,False
Arhgef18,False
Etv5,False
Fbln2,False
Glb1l2,False
Gm15491,False
Gm37986,False
Gpr85,False
Lrp8os2,False
Map1a,False
March4,False
Pde1b,False
Rab40b,False
Sgo2a,False
Slc1a2,False
Slc9b2,False
Tep1,False
Trp63,False
Zfp708,False
Zic4,False
Adcy10,False
Ankrd35,False
Bend6,False
Cacna2d4,False
Ccdc28b,False
Cltb,False
Ctla2a,False
E130114P18Rik,False
Esco1,False
Fbxo6,False
Fmn2,False
Gm10754,False
Gm11373,False
Gm14275,False
Gm15155,False
Gm29675,False
Gm34059,False
Gng3,False
Hck,False
Kcnmb4os2,False
Ldoc1,False
Map3k10,False
Obscn,False
Pcp4,False
Pdia2,False
Pdzrn4,False
Pid1,False
Prdm6,False
Retnlg,False
Rspo1,False
S100a3,False
Slc25a29,False
Slc7a14,False
Slco3a1,False
Tchp,False
Tdo2,False
Tollip,False
4930552P12Rik,False
Adra2a,False
Ap1m2,False
BC024978,False
Bmp5,False
Calhm2,False
Camk2b,False
Cyp4f16,False
Dgat2,False
Fam53b,False
Gaa,False
Gm12353,False
Gm12694,False
Gm26719,False
Gm43672,False
Gm48845,False
Gstk1,False
Hps6,False
Ica1,False
Klf1,False
Klhl21,False
Krt5,False
Lpcat2,False
Metrnl,False
Mgme1,False
Mmp11,False
Myoz3,False
Phka1,False
Rnasel,False
Sgsm2,False
Sh3tc2,False
Snx7,False
Stmn3,False
Syk,False
Tcte1,False
Vmn2r53,False
Arhgap44,False
Arhgef10,False
Cplx1,False
Cpne4,False
Crlf2,False
Dtx3l,False
Gm20708,False
Gm29296,False
Gstm7,False
Hist1h3c,False
Insm1,False
Itgb4,False
Mageb3,False
Magel2,False
Meikin,False
Pcdh19,False
Prcd,False
Rhoh,False
Rims3,False
Selenoo,False
Serping1,False
Sgk1,False
Slc2a9,False
Tctn1,False
Whamm,False
Zfp53,False
Zfp810,False
4930448C13Rik,False
9030622O22Rik,False
Aldh1a7,False
Apobec2,False
Ccdc103,False
Crispld1,False
D830025C05Rik,False
Dlx3,False
Edil3,False
Fam13a,False
Gm16794,False
Gm33677,False
Gm47843,False
Gm7292,False
Grrp1,False
Hsd17b11,False
Lysmd1,False
Map10,False
Ms4a10,False
Pank4,False
Pcbd1,False
Ptgs1,False
Setd6,False
Svip,False
Tmem203,False
Trappc2,False
Trim63,False
Ttf1,False
Zfp324,False
Zfp935,False
Zfp957,False
Apoa2,False
Cadm2,False
Chn2,False
Coq8b,False
Eri2,False
Gm28905,False
Gm44748,False
Gm47381,False
Gm47705,False
Gnb5,False
Kif21a,False
Nfkbia,False
Nkain4,False
Nmrk1,False
Pacsin3,False
Padi6,False
Prtn3,False
Rassf1,False
Raver2,False
Tgfb3,False
Tmem206,False
Unc80,False
Xrra1,False
Ace3,False
Arhgef25,False
Cacng4,False
D330045A20Rik,False
Gemin2,False
Gm20629,False
Gm32250,False
Gpr137,False
Gramd1c,False
Grk4,False
Mlh3,False
Pgghg,False
Phldb3,False
Rasgrp1,False
Spocd1,False
Stxbp5,False
Ankrd29,False
Ar,False
C030037D09Rik,False
Cited1,False
Clec14a,False
Dffb,False
Dgkk,False
Dnah5,False
Epha8,False
Fbxo32,False
Fmn1,False
Fuca2,False
Fut9,False
Gm14410,False
Gm16740,False
Gm26641,False
Gm28342,False
Gm30146,False
Gm36445,False
Gm6741,False
Gnpda1,False
Gpr137b,False
Lhx2,False
Mafb,False
Mapk1ip1,False
Ndufaf3,False
Pecr,False
Pik3ip1,False
Pla2g10os,False
Ppp1r13l,False
Rbp4,False
Rmst,False
Rorb,False
Yae1d1,False
Zcwpw1,False
2610027F03Rik,False
4930593A02Rik,False
Adam34,False
Atp1b1,False
Car3,False
Clic6,False
Egfem1,False
Fibin,False
Pgbd1,False
Plcd3,False
Ppargc1b,False
Ptprn,False
Rab3d,False
Sdsl,False
Slc18b1,False
Slc29a3,False
Stard6,False
Thrsp,False
Vps8,False
Wdr7,False
a,False
4933406J09Rik,False
A230057D06Rik,False
Btbd17,False
Celf3,False
Cerk,False
Chst11,False
Ctf2,False
Fam217b,False
Gm12160,False
Gm12802,False
Gm17473,False
Gm48727,False
Hbegf,False
Hesx1,False
Ifi27l2a,False
Il7,False
Jaml,False
Medag,False
Prkd2,False
Rnf128,False
Tbx1,False
Tlr4,False
Tmco6,False
Tmem161a,False
Wnt10b,False
Wt1os,False
Zfp202,False
Zfp768,False
AC147230.1,False
Card19,False
Defb9,False
Emc9,False
Gm1604a,False
Gm32296,False
Ikzf1,False
Kcnj15,False
Lrrc10,False
Lyzl4,False
Pfkp,False
Prdm16,False
Tmem51,False
Traf1,False
1110017D15Rik,False
Adcy5,False
Apold1,False
Atm,False
Dll3,False
Dsg2,False
Fcho1,False
Gm29477,False
Gm33843,False
Gm6602,False
Kcnj16,False
Kcnq1,False
Kremen2,False
Nepn,False
Pax6,False
Pla2g4a,False
Rab11fip5,False
Teddm2,False
Tox,False
Wisp3,False
Wnt9a,False
Arhgdig,False
Cabyr,False
Calb1,False
Ccl25,False
Cd164l2,False
Cd200r3,False
Gm38839,False
Grasp,False
Hoxb2,False
Katnal2,False
Kcnd2,False
Nhlh2,False
Npc1l1,False
Palm3,False
Prdm9,False
Prps1l3,False
Spef2,False
1700041M19Rik,False
6030468B19Rik,False
Akr1c19,False
Arpp21,False
Atp7b,False
Cideb,False
Col4a6,False
Cyp2j9,False
Dnah10,False
Gimap4,False
Gm30725,False
Gm36283,False
Gm48551,False
Guca1a,False
Helz2,False
Htatip2,False
Kng1,False
Mical2,False
Mthfs,False
Myo1f,False
Nxpe2,False
Riiad1,False
Stat1,False
Vsnl1,False
1700006J14Rik,False
AW551984,False
Gm10636,False
Gpr173,False
Mblac1,False
Nsmf,False
Robo3,False
Serpina1b,False
Sfxn5,False
Ydjc,False
Zswim3,False
0610040F04Rik,False
4930511E03Rik,False
Abcg1,False
Adgrg4,False
Amigo2,False
Flt4,False
Il1rap,False
Otx2,False
Oxtr,False
Vmn2r65,False
Zfp599,False
2310001H17Rik,False
A830019P07Rik,False
Itih2,False
Mxd3,False
Popdc3,False
Rassf5,False
Sgca,False
Vegfc,False
Chdh,False
Cyp2j7,False
Gm10369,False
Gm37988,False
Kcnk6,False
Lamc3,False
Lrrc31,False
Neurl2,False
Nhlrc3,False
Nox4,False
Sema4f,False
Slc38a5,False
Ucp1,False
Dkk4,False
Efhc1,False
Gm15559,False
Gm5127,False
Il27,False
Mast1,False
Neto1,False
Rnft2,False
2310007B03Rik,False
Kcns3,False
Mab21l1,False
Rac2,False
Abca17,False
Atg4a-ps,False
Cubn,False
Endod1,False
Npr2,False
Vmn2r81,False
A830018L16Rik,False
Cd160,False
E130311K13Rik,False
Gm46401,False
Iqsec2,False
Kcnj3,False
Kdelr3,False
Klk7,False
Lypd3,False
Tlx1,False
Trpc5os,False
Zbbx,False
Ankle1,False
Gjb5,False
Gm13212,False
Gm27246,False
Gm3985,False
Hif1an,False
Kcnn2,False
Myo1e,False
Sez6,False
Sorcs1,False
Trhde,False
Vmn2r124,False
2310040G24Rik,False
4930473A02Rik,False
Abcc10,False
Abi3bp,False
Cd200r1,False
Cxcl2,False
Esm1,False
Gm26982,False
Grik1,False
Hspb1,False
Ifitm10,False
Marveld1,False
Nr3c2,False
Pou6f2,False
Prelid3a,False
Slc40a1,False
Tmem106a,False
Treml1,False
Vwf,False
1700123O12Rik,False
AC136372.1,False
Asb14,False
B830012L14Rik,False
Cmtm8,False
Dhrs7,False
Ehd3,False
Gabbr2,False
Glb1l3,False
Gm20324,False
Gm4961,False
Hpgd,False
Ifnar2,False
Klhl6,False
Krtcap3,False
Lrrc45,False
Mal,False
Mrvi1,False
Nptxr,False
Ppp1r3b,False
Pqlc3,False
Sfmbt2,False
Ulk3,False
Zfp369,False
1700125H20Rik,False
2900079G21Rik,False
Asb2,False
Barhl2,False
Bmp2,False
Cacng3,False
Cxcl5,False
Dclk3,False
Fgf4,False
Fgf8,False
Gm4577,False
Ncf2,False
Pde1a,False
Psd,False
Rrad,False
Sult2b1,False
Tap1,False
Tmcc3,False
Tmem54,False
Znrd1as,False
4930565D16Rik,False
AC117241.1,False
Aard,False
Abhd6,False
Cnr1,False
Dao,False
Foxa1,False
Gstm6,False
Mbd6,False
Myot,False
Pih1d2,False
Rfx2,False
Rgs18,False
Spatc1,False
Trim16,False
Wdr64,False
Zkscan6,False
Zswim2,False
Angpt1,False
Arhgef6,False
Def6,False
Dppa1,False
Gm1647,False
Gm26660,False
Gm26965,False
Gm33222,False
Tmem50b,False
Tnni3,False
Ascl1,False
CT030713.2,False
Col28a1,False
D830032E09Rik,False
Dusp14,False
Frem1,False
Gm13483,False
Gm26520,False
Gm33037,False
Jakmip2,False
Ptprh,False
Sirpa,False
Spata31d1a,False
Trim9,False
Zfp276,False
1700100I10Rik,False
2310067P03Rik,False
A930018P22Rik,False
Aldh1a1,False
Cacna1d,False
Eogt,False
Frmd3,False
Gm14635,False
Gm32184,False
Mb,False
Mblac2,False
Ppargc1a,False
Prdm1,False
Sycp2l,False
1700066B19Rik,False
Arsk,False
BC025920,False
Cfap65,False
Fndc10,False
Gm17359,False
Gm42906,False
Gm45253,False
Gm5415,False
Gpr135,False
Icam1,False
Lacc1,False
Mettl22,False
Nipal3,False
Rnf43,False
Wdr38,False
Wnt3a,False
Adam11,False
Cadps,False
Cckbr,False
Chil1,False
Etnk2,False
Gm20649,False
Gm9873,False
Gpr39,False
Hipk4,False
Lypd1,False
Map9,False
Pced1b,False
Plaur,False
Sytl1,False
Tmco5b,False
9130410C08Rik,False
AL732309.1,False
Casp8,False
Cyb561d2,False
Folh1,False
Gm48715,False
Oacyl,False
Olfr378,False
Pak3,False
Rdh16,False
Skint9,False
Spns2,False
Sumo2,False
Ube2ql1,False
4933433F19Rik,False
Aig1,False
Carmil3,False
Cd47,False
Ero1lb,False
Fsd1,False
Gal3st2b,False
Lbr,False
Spink1,False
Zbtb37,False
Zfp811,False
4930520K02Rik,False
4933438B17Rik,False
6430573F11Rik,False
Acox3,False
Anks6,False
Cdc23,False
Cldn11,False
Eps8,False
Ggct,False
Gm29427,False
Gm36372,False
Gm46328,False
Naalad2,False
Olfm2,False
Pfkfb4,False
Cspg4,False
D930032P07Rik,False
Fgg,False
Glis1,False
Gm17750,False
Parp3,False
Tpte,False
Trim65,False
Zbtb3,False
AY074887,False
Abcc3,False
Adam4,False
Adat3,False
Arsg,False
Cracr2a,False
Gm20767,False
Gm29202,False
Gm48616,False
Gm6592,False
Hmgcll1,False
Iba57,False
Naif1,False
Skint11,False
Slc26a7,False
Soga3,False
Aen,False
Atp1b2,False
BC030870,False
Chrna4,False
E130101E03Rik,False
Gm16365,False
Gm44832,False
Msc,False
Ppm1j,False
Slc22a13,False
3110082J24Rik,False
C130021I20Rik,False
Cacna2d2,False
Dleu7,False
Hist1h2bj,False
Msx3,False
4930509E16Rik,False
Gm26709,False
Gm48898,False
Oaz3,False
Pcsk2os1,False
Pm20d1,False
Barx1,False
Gm12506,False
Gm29328,False
Gpr22,False
Il19,False
Kcp,False
Mapkapk3,False
Nrn1l,False
Tmem238l,False
Cox7a1,False
Ddx60,False
Gm36210,False
Gm45768,False
Mmp20,False
Vps51,False
Cyb561,False
Gm45509,False
Lyrm1,False
Npsr1,False
Ramp1,False
Slc22a14,False
Thpo,False
1700088E04Rik,False
9930012K11Rik,False
Arl14epl,False
Gm49355,False
Nt5e,False
Psg19,False
Wfdc17,False
1700060C20Rik,False
9030612E09Rik,False
Aadat,False
Fam120aos,False
Fsd1l,False
Gm12132,False
Gm43016,False
Gm47194,False
Itgal,False
Nkx6-2,False
Prlr,False
Selplg,False
Wfdc1,False
Gm12888,False
Gm15802,False
Gm29455,False
Gm31045,False
Ifngas1,False
Vmn1r86,False
4930545L08Rik,False
Borcs6,False
Dcx,False
Fam20a,False
Nfatc1,False
Vamp2,False
Gm28845,False
Gm31063,False
Gm9796,False
Rsph10b,False
Tbx5,False
Tmem238,False
Tph2,False
4930519A11Rik,False
6030440G07Rik,False
Cc2d1a,False
Gm49369,False
Herc6,False
Mid1,False
Olfr111,False
Plpp6,False
Tbx18,False
Trim10,False
2410012E07Rik,False
4933411E02Rik,False
4933411E08Rik,False
Bdkrb2,False
Exoc3l4,False
Gm30003,False
Lrtm1,False
Ly6d,False
Mpp2,False
Myoz2,False
Ngfr,False
Oprl1,False
Bst1,False
Fam222a,False
Gm44127,False
Gpr20,False
Krt24,False
Pik3cd,False
2310065F04Rik,False
Cib2,False
Elavl3,False
Klk11,False
Mxd1,False
Sfrp5,False
Slc41a2,False
Vwa5b1,False
F10,False
Hrh4,False
Trim7,False
Abcg4,False
Dlx6,False
Fgb,False
Cpne7,False
Gm42417,False
Gm44790,False
Prdm14,False
Tmem207,False
4931406G06Rik,False
Eno4,False
Hspa12b,False
Mmrn1,False
Hic1,False
S100g,False
Sox8,False
Dgat2l6,False
Gm48913,False
Tmem40,False
4930563M21Rik,False
Gm26776,False
Isl2,False
Col6a1,False
Gja4,False
Dzank1,False
Gm12381,False
Gm48893,False
Slc26a6,False
Cers3,False
Gng4,False
Prss22,False
Timp4,False
AC154646.1,False
Gm29491,False
Gmnc,False
Zbtb4,False
4931419H13Rik,False
Ccdc148,False
Cd52,False
Egr1,False
Frat1,False
Gm12963,False
Ly6g6d,False
Msto1,False
Shh,False
Trdmt1,False
Anxa1,False
Camkv,False
Cd33,False
Clec4n,False
Dnase1l1,False
Extl1,False
Prap1,False
Slc36a1,False
Slc38a11,False
Slfn4,False
3830417A13Rik,False
C8g,False
Gm11775,False
Gm29387,False
Cpvl,False
Nhlh1,False
Pnmal1,False
Slc17a1,False
Xpnpep2,False
Lrfn2,False
Mks1,False
Padi2,False
Gm15457,False
Gm26571,False
Gm33472,False
Kcnn3,False
Slc7a15,False
Tifa,False
Ttbk1,False
9530059O14Rik,False
Bpifb5,False
Gfra3,False
Gm6249,False
Proser2,False
4933427E13Rik,False
AC153140.2,False
Aicda,False
Gm49262,False
Mrap2,False
Nrip2,False
Ptprc,False
Selp,False
Smpx,False
4930459C07Rik,False
5033428I22Rik,False
Cyp4x1,False
Gm14569,False
Gm29508,False
Gpr1,False
Kat5,False
Lct,False
Per2,False
Sult2a5,False
2210008F06Rik,False
A930038B10Rik,False
AC152827.1,False
Cldn10,False
Deup1,False
Gm13199,False
Tinag,False
1700041I07Rik,False
4731419I09Rik,False
AC124555.1,False
Gm13052,False
Gm28707,False
Nagpa,False
Tnni3k,False
2600006K01Rik,False
F2rl3,False
Gm36011,False
Gm49333,False
Prss50,False
Sema4a,False
Vmn2r68,False
Lox,False
Nkx2-1,False
Npy,False
Spata48,False
Spx,False
1700012I11Rik,False
Cyp2c66,False
Etv2,False
Mgst2,False
Tmem52b,False
Cyct,False
Gm41325,False
Map6,False
Scarf1,False
Ankmy1,False
D930028M14Rik,False
Dmrta2,False
Gm40922,False
H2-Ab1,False
Pcdhga12,False
Prl3b1,False
Sgo2b,False
Tnfrsf4,False
Tnfsfm13,False
1100001I12Rik,False
Npff,False
Serpinb9e,False
Gm47771,False
Kcnk13,False
Oxgr1,False
Slc10a1,False
Tnn,False
Cpa3,False
D030047H15Rik,False
Gm10685,False
Gm36536,False
Gm36569,False
Neurod4,False
Ret,False
Slc2a6,False
Cdh8,False
Gm38509,False
Phlda2,False
Tmeff2,False
4930519H02Rik,False
Catip,False
Ccdc184,False
Fam72a,False
Hs3st1,False
Ms4a6c,False
Zfp493,False
AC108826.1,False
Arhgap27os2,False
Gm16559,False
Gm33926,False
6430548M08Rik,False
9030404E10Rik,False
Gm29676,False
Sphkap,False
1700112H15Rik,False
Ces1g,False
Defb36,False
Gm17654,False
Gm20757,False
Gm28807,False
Klk13,False
Ptchd1,False
S1pr5,False
Svopl,False
1700044C05Rik,False
Neurl1b,False
Ang,False
Apol9a,False
Gnb3,False
Taf9b,False
Clec4b2,False
G730003C15Rik,False
Tmem62,False
Ano3,False
B230110G15Rik,False
Clic5,False
4930563J15Rik,False
Car5b,False
Marc1,False
AC166165.1,False
Gm3127,False
Gm34388,False
Olfr597,False
Shpk,False
Adamts4,False
Nr0b1,False
Btnl2,False
Gm12436,False
Tcap,False
Vmn2r91,False
2810404F17Rik,False
Ano2,False
Faah,False
Upp1,False
Ankdd1b,False
Defb42,False
Gm43447,False
Abcb1b,False
Dlgap3,False
Gm27204,False
Gm45431,False
Gm49256,False
Olfr1175-ps,False
Slc35e4,False
Slc36a2,False
Tm4sf1,False
Trcg1,False
Ambp,False
Sdr9c7,False
Vmn2r111,False
Gm47001,False
Itgb1bp2,False
Mir124a-1hg,False
Gm26910,False
Gm34868,False
Gm36839,False
Rtp2,False
Syt10,False
1700003H04Rik,False
Sit1,False
Zbtb7b,False
Gm11592,False
Serpinb9,False
Trpm6,False
Zfp804a,False
Fgf15,False
Steap4,False
4930556N09Rik,False
Olfr157,False
4732491K20Rik,False
Npffr2,False
Prkcg,False
Scel,False
Ear2,False
Myocd,False
Otx1,False
Plppr5,False
Dlx1as,False
Bpifb1,False
Gm46440,False
Gm47003,False
Plek2,False
Fsd2,False
Vmn1r1,False
Chrnd,False
Kcnd3os,False
Mrm1,False
Atp2a1,False
Gm11685,False
Gm11772,False
Ppp1r17,False
Ptprr,False
Gja6,False
Cav1,False
Chat,False
Dpy19l2,False
Fam167a,False
Fezf1,False
Ggt7,False
Gm26796,False
Reep2,False
Sell,False
1700061J23Rik,False
A930028N01Rik,False
Ascl4,False
Gm13496,False
Gm49042,False
Trac,False
A630001G21Rik,False
Ffar1,False
Gm13427,False
Gm26831,False
Nxnl2,False
Dapl1,False
Gm46218,False
Nalcn,False
9530052C20Rik,False
Zbtb12,False
Gm43731,False
Dsg1c,False
Mapkapk5,False
1700086P04Rik,False
Gm14280,False
Gm26764,False
4933430I17Rik,False
AC154408.2,False
Fpr1,False
Gm47847,False
3110035E14Rik,False
Cxcl1,False
Gm48834,False
Hhatl,False
Ndufa4l2,False
Odf3l1,False
Tnfsf4,False
0610043K17Rik,False
Ccm2l,False
Dhrs13os,False
3110039M20Rik,False
Casr,False
Hap1,False
Klrb1c,False
1700001K19Rik,False
4930463O16Rik,False
Entpd3,False
Slc46a2,False
Gm17768,False
Gm26533,False
2310016D03Rik,False
Gm48721,False
Saxo1,False
Tnfrsf8,False
D330050G23Rik,False
Dll4,False
Gm12319,False
Gm34225,False
Olig3,False
Mal2,False
4930522H14Rik,False
B230303O12Rik,False
Glipr1l1,False
Mrgprd,False
Cacng2,False
Gm47253,False
Fbxw27,False
Gm26644,False
Scn11a,False
Akr1b7,False
Gm28140,False
Kif17,False
2310026L22Rik,False
Glra4,False
Gm39383,False
Vstm2l,False
Xaf1,False
Zfp42,False
1700126H18Rik,False
Calb2,False
Gm45903,False
Gm45370,False
Gm47136,False
Lrrc4b,False
Pnma3,False
Sphk1,False
Wbscr25,False
Cnn1,False
Slc45a1,False
Apba1,False
Gm10134,False
Tex45,False
4930483O08Rik,False
Erich6,False
Erv3,False
Nlgn3,False
Vmn2r11,False
Gm10945,False
Irs4,False
Arf4os,False
Gm47684,False
Gpr4,False
Nox3,False
Olfr76,False
Rorc,False
Gm13412,False
Olig2,False
Psg25,False
Kcnj8,False
Syngr4,False
Cd200r4,False
2700046A07Rik,False
Eef1akmt3,False
Gal,False
4930432K21Rik,False
4930505K14Rik,False
4930543E12Rik,False
Sox10,False
Trim61,False
C130080G10Rik,False
D630024D03Rik,False
Gm17224,False
Zdhhc11,False
1700084E18Rik,False
Cd27,False
Aldh1a3,False
Dbpht2,False
Ephx4,False
Diras2,False
Gm48952,False
Trp73,False
Wfdc8,False
Gm16239,False
Gm16907,False
Hes3,False
Platr30,False
4930442H23Rik,False
Gm15417,False
Jchain,False
Gm30198,False
AV064505,False
Gm28230,False
Osgin1,False
Gm26642,False
Gm35154,False
Gm28722,False
Jsrp1,False
Psg28,False
Slc25a18,False
Glt28d2,False
Gm26603,False
Gm33263,False
Capn9,False
E330034G19Rik,False
Gm13479,False
Gm31121,False
Pnpla3,False
Gm45861,False
1010001B22Rik,False
Gm30606,False
Mypopos,False
Gm27032,False
Tmbim7,False
Enpp4,False
Kcnk16,False
Tbxa2r,False
Gm27007,False
Gm42788,False
Gm47578,False
Prima1,False
Gm10441,False
Olfr1056,False
2310020H05Rik,False
Gm7008,False
Gm16386,False
Rgs4,False
1700034H15Rik,False
Ccdc85a,False
Gm27227,False
Gm38250,False
Aplp1,False
Chia1,False
Gm48079,False
Tmem91,False
Dnaaf3,False
A330048O09Rik,False
Gm12510,False
Gm27211,False
Gm31831,False
Tnr,False
Colec10,False
Gm136,False
Lgals3,False
Spp2,False
4930435M08Rik,False
BC016579,False
Gm15124,False
AC139671.1,False
Gm12474,False
Gm15337,False
Gm49124,False
Ctla2b,False
Atp1a4,False
BB019430,False
Gm45460,False
Vmn2r82,False
Kcng2,False
Gm29398,False
Gm3234,False
Lrrc8e,False
Myh4,False
Vnn3,False
D930030I03Rik,False
Gm28175,False
4930524O07Rik,False
Aldh8a1,False
Gm32884,False
Rph3a,False
Gm14424,False
Gm48740,False
Ppp1r14d,False
B930092H01Rik,False
Taco1os,False
Pitx3,False
3930402G23Rik,False
Gipr,False
Gm35818,False
Gm47144,False
Ostn,False
Sowahd,False
Tspan11,False
Calr4,False
Cetn4,False
Igha,False
Ly6k,False
1810006J02Rik,False
Gm6639,False
Olfr1107,False
D5Ertd605e,False
Ndp,False
Olfr292,False
Gm42477,False
Htr5a,False
Otp,False
Mcidas,False
Gm32834,False
9330121J05Rik,False
Gm47785,False
Vmn1r206,False
Gm44956,False
Pcdhgb2,False
Gm16141,False
Cyp2d22,False
Fbxw18,False
AC130815.2,False
Aif1,False
Gm42601,False
4930590L20Rik,False
Nkapl,False
Fam83f,False
Sult1c2,False
3110006O06Rik,False
Mir9-3hg,False
Gm30292,False
Gm10353,False
Lrrc63,False
Gm43517,False
Isg15,False
1700020D12Rik,False
1700054A03Rik,False
Gm12974,False
Gm34471,False
Ikzf3,False
Bmp10,False
Gm12746,False
Slc28a2,False
Olfr872,False
Magix,False
Ttll3,False
Abcb1a,False
AC159282.1,False
Gm48427,False
Gm37256,False
Gm44920,False
Has1,False
Csta1,False
Prss54,False
Stx19,False
Gm15910,False
Mtnr1a,False
1700094M23Rik,False
Abcc8,False
Dkkl1,False
7530416G11Rik,False
Vmn1r80,False
Gm26843,False
Gm33246,False
Gm45282,False
Ace,False
Nkx2-5,False
Gm26739,False
Fga,False
Utf1,False
AC127687.1,False
Gm3455,False
Il1r2,False
3110099E03Rik,False
Lhx8,False
Gm49097,False
Lif,False
Gm44296,False
Tmie,False
4933417E11Rik,False
Comp,False
Gm5860,False
Clec4a4,False
Gm11998,False
Gm26640,False
AL603867.1,False
Bach2os,False
Caly,False
Gm33103,False
Gm48387,False
Zcchc12,False
4930486L24Rik,False
Dnajc5b,False
Cyp4f18,False
Psmb9,False
Kdm4d,False
Gm10605,False
Lrrc18,False
Slc9a2,False
Gm30097,False
Gm32219,False
Smpd3,False
Gm38325,False
Gm48855,False
Gm45356,False
Ifi208,False
Padi3,False
Gm17168,False
Gm36426,False
Gm46332,False
AC155941.1,False
Gm38944,False
Gm28523,False
Gm13056,False
Gm15908,False
Gm20547,False
Gm2832,False
Lpar5,False
Prdm12,False
Was,False
Smim6,False
Parp10,False
Wfikkn2,False
Gm37971,False
Apol6,False
Gm28095,False
Gm38534,False
Cd8b1,False
Gm17077,False
Gm31513,False
A830035O19Rik,False
Krtap15,False
Slc26a5,False
1700006H21Rik,False
Cyp2t4,False
Ces1h,False
Gm6980,False
Hcrtr1,False
Chad,False
Cxcl13,False
Cyp17a1,False
Adm,False
Gm48877,False
Gm42775,False
Iglon5,False
Oas3,False
Foxj1,False
Morn5,False
Vgll1,False
Gm35101,False
Gm26711,False
Kcna1,False
S100a5,False
Rufy4,False
Hao2,False
Ankrd65,False
Gm10645,False
Gm28258,False
Chst13,False
Gm28981,False
Rgs13,False
Tap2,False
Gm13285,False
Gm32950,False
Gm48505,False
Gm48045,False
Gm26808,False
Spaca7,False
Gm34350,False
Gm39139,False
Mettl7a3,False
Eps8l3,False
Gm26790,False
Gm45233,False
Col10a1,False
9130015L21Rik,False
Fbxo2,False
Hoxc10,False
1700026J14Rik,False
Gdpd2,False
Scin,False
Cyb5r2,False
Gm13375,False
Gm41177,False
Cd79b,False
2900052N01Rik,False
Cntn2,False
1700062C10Rik,False
Epgn,False
Gm17250,False
5930435M05Rik,False
Gm47262,False
Gm12290,False
Gm33280,False
Gzmc,False
Gm37637,False
Tex35,False
Gm4952,False
En2,False
Espnl,False
Pcsk1,False
Gm16001,False
Gm11844,False
Gm5105,False
A330074K22Rik,False
P2ry10,False
Ccdc116,False
Gm49394,False
Cd180,False
Cd300lg,False
Ferd3l,False
Slamf8,False
Susd3,False
Henmt1,False
Gcg,False
Tmem154,False
F2,False
Gad1,False
Olfm4,False
Fxyd3,False
Krtap5-2,False
Misp,False
Gpr68,False
Spinkl,False
4921508D12Rik,False
Spink8,False
Ccdc172,False
Prrt3,False
Apol10a,False
Gm11733,False
Izumo2,False
Olfr90,False
Gm30691,False
Myhas,False
Gm38414,False
Hsd17b3,False
1500015O10Rik,False
Sash3,False
1700017M07Rik,False
Gm12830,False
Gm28988,False
Birc7,False
Ptk6,False
Lrrc10b,False
Syt5,False
Fam83c,False
Gm33940,False
Kcnh4,False
Dbh,False
Gm26826,False
Olfr1414,False
Rilp,False
Asb5,False
AC123870.1,False
C230034O21Rik,False
5031425F14Rik,False
Celsr3,False
Gm15083,False
Gm19303,False
Clrn3,False
9530003J23Rik,False
Gm13180,False
AL589692.1,False
Klf4,False
Clec4g,False
S1pr4,False
Clec4d,False
Clec5a,False
Gm17751,False
Gm38093,False
Gm7762,False
Spaca5,False
Apol11b,False
Gm5483,False
Grk1,False
Olfr720,False
Prr9,False
Gm45752,False
Adam21,False
Gm44214,False
Gm48754,False
4930505K13Rik,False
Gm26583,False
Gm26511,False
Xirp2,False
Npm2,False
Serpina3m,False
Gnrhr,False
Il2ra,False
Cysrt1,False
Il12a,False
Cldn19,False
Crybb1,False
Edar,False
Pkdrej,False
6030445D17Rik,False
A730046J19Rik,False
Cd3e,False
1810020O05Rik,False
Gm36503,False
Gm16049,False
Pou3f4,False
Ly6c1,False
Gm15963,False
Olfr39,False
Prickle4,False
Hrh1,False
Ltc4s,False
Fscn2,False
Gm45639,False
Npy5r,False
Vmn2r20,False
A630012P03Rik,False
C2cd4d,False
Gm41206,False
P2ry13,False
Vmn2r13,False
Gm26789,False
4930500F10Rik,False
Disp2,False
Timd2,False
AC142474.2,False
Cacng5,False
Gm47480,False
CT027693.2,False
Grin2c,False
Gm813,False
Cav3,False
1700042O05Rik,False
Gm44036,False
Shbg,False
Nppc,False
Sirpb1a,False
Ccdc22,False
Gm28156,False
Gm44725,False
Gm45672,False
Gm47343,False
Gjc3,False
Zfp296,False
Gm45020,False
6430628N08Rik,False
Gm43301,False
Gm38804,False
Gm26514,False
Gm29264,False
Lce1a1,False
AC154256.1,False
Gm26577,False
Gm15597,False
Gm28265,False
Gm47757,False
Gsc2,False
9030616G12Rik,False
Gm14235,False
Gm26601,False
AC162693.1,False
Gm5168,False
Rab26,False
Gm45271,False
Hyal5,False
Tbx4,False
B230217J21Rik,False
Igsf23,False
Ppy,False
Serpinb6e,False
1700058P15Rik,False
Olfr1471,False
Tesmin,False
Gm33489,False
Gm43698,False
Lactbl1,False
Gm39380,False
Triml2,False
L3mbtl1,False
Resp18,False
Gm43522,False
Gm13398,False
Ccdc144b,False
Gm26832,False
C230079O03Rik,False
Sprr1a,False
Gm34838,False
Olfr986,False
4933408J17Rik,False
Cd209b,False
Mip,False
Gm16080,False
Slc4a9,False
Tuba8,False
Nhlrc4,False
Serpina1d,False
Cfhr2,False
Gm17619,False
Lyg2,False
1700017D01Rik,False
Gm17315,False
Xkr7,False
Ltk,False
Cfap161,False
Cacna1f,False
Gm26706,False
Prss51,False
Gm29371,False
AC164881.1,False
Pou5f1,False
Prr18,False
Erich5,False
Olfr876,False
1700003P14Rik,False
Gm42918,False
Sprr2h,False
Tpbpa,False
4930459L07Rik,False
Gm34777,False
Gpr152,False
2610204G07Rik,False
A630014C17Rik,False
Tssk1,False
Gm49106,False
H2-Q10,False
Gm28322,False
Paqr9,False
Fgf22,False
Gm45022,False
Bco2,False
Ifi209,False
Gm30411,False
Kdm6bos,False
Gm33370,False
Gm10436,False
Zfp872,False
4930452N14Rik,False
Gm36028,False
Gm48933,False
Gm48942,False
Gm14114,False
Il23a,False
Fabp4,False
Gm33651,False
Defb13,False
Gm15747,False
Gm36229,False
E330012B07Rik,False
Gm15856,False
Ccl12,False
Gm49116,False
Gm17227,False
Gm12128,False
Gm5460,False
Hmx1,False
6330420H09Rik,False
Rrh,False
Mobp,False
Prss40,False
Gm49224,False
Gm47439,False
Olfr282,False
Gm17546,False
Dsg4,False
Isx,False
Gm15675,False
1700041C23Rik,False
Klk14,False
Gm45875,False
Ptf1aos,False
Tac1,False
Ifi213,False
Prl2c3,False
Olfr881,False
AC160759.1,False
Mchr1,False
Sh2d1b1,False
Ggn,False
Defb1,False
Pnmt,False
Gm20063,False
Odf1,False
Ehf,False
Skint8,False
Glyatl3,False
Gm10466,False
Ch25h,False
Gm48485,False
Ccdc183,False
Mrgprf,False
Gm13762,False
Gm11351,False
Olfr1418,False
Siglec15,False
Gm11963,False
Gm34466,False
Six6,False
Speer9-ps1,False
B230104I21Rik,False
Gm26508,False
Gm26795,False
Gm36346,False
Gm2309,False
Tigit,False
AC161607.1,False
Gm45024,False
Ephx3,False
4930526H09Rik,False
Ccr2,False
Clca3b,False
Clec4e,False
Gm45518,False
Gm5935,False
Gm17402,False
Gm11571,False
Foxr2,False
1700028D13Rik,False
Sp110,False
Apoa4,False
Gm46123,False
Gm2990,False
Gm11940,False
Gm48065,False
Gm35618,False
Clec3a,False
1700025K04Rik,False
2310034O05Rik,False
Gm36899,False
Slc22a6,False
Gm16029,False
Pcdhga9,False
Gpr3,False
Iapp,False
Ugt2b38,False
Plxnb3,False
Olfr1330,False
Bcl2a1d,False
Acsm5,False
1700030O20Rik,False
Sult3a2,False
Gm30918,False
Gm28516,False
Arl11,False
Gm48526,False
Adam3,False
Klra17,False
Gm15690,False
Spem1,False
Gm12569,False
Gm11536,False
Ngb,False
Vmn2r25,False
Gm11464,False
Pou1f1,False
Dgkeos,False
Olfr311,False
BC028471,False
Sprn,False
Spink13,False
Pou4f2,False
Gjc2,False
Rhox4b,False
Gm47794,False
Zfp457,False
9330198I05Rik,False
Cyp2c54,False
Gm8005,False
Mccc1os,False
Slc26a1,False
Gm10419,False
Gm15624,False
Prl7d1,False
D1Pas1,False
Frmd7,False
Gm43425,False
Cep295nl,False
Tssk6,False
Pcdhb11,False
Ankk1,False
Gm7030,False
Lypd2,False
Gm10384,False
Gm26535,False
B430218F22Rik,False
Agxt2,False
Gm33969,False
Igkv18-36,False
Tspo2,False
Gm45593,False
Lgi3,False
Olfr945,False
Gm5493,False
4930444M15Rik,False
Gm28410,False
Nkx1-1,False
Il18rap,False
Tectb,False
Tlx2,False
Avpr1a,False
Ocm,False
Olfr433,False
Kcna4,False
Gm4022,False
Wfdc13,False
Gm13881,False
Zfp750,False
Evx2,False
Gm11724,False
Gm5602,False
Nags,False
Gm10556,False
Gm10847,False
Gm43604,False
Gm45941,False
Gm20052,False
Chit1,False
Cdiptos,False
4930467K11Rik,False
Gm17322,False
Slc26a4,False
Gm12909,False
Gm49076,False
Slc6a2,False
Gm11738,False
Gucy2e,False
Tbx10,False
AL589670.5,False
Gm28360,False
Gm26588,False
Gm16364,False
Vmn2r101,False
Agxt,False
Olfr202,False
Ermn,False
Gm13470,False
Gm26698,False
Gm35024,False
Lax1,False
Gm10848,False
Tekt4,False
4930532M18Rik,False
Mesp1,False
Gm33994,False
Gm10747,False
Gm4640,False
Bpifb3,False
Olfr905,False
Vmn1r5,False
Klra6,False
Mdh1b,False
Nat1,False
Gm5065,False
Pou2af1,False
Gm28196,False
4933428G20Rik,False
Ube2dnl2,False
Mettl21e,False
Gm6583,False
Gm34322,False
Fbxw20,False
Gphb5,False
1700121N20Rik,False
Olfr607,False
Ucn,False
Olfr476,False
4933432I09Rik,False
Gm40038,False
Gm11496,False
C030018K13Rik,False
Tmcc3os,False
Tff1,False
Gm4894,False
Gm27164,False
3300002A11Rik,False
Gm12927,False
Olfr718-ps1,False
Tnfsf15,False
4930502E18Rik,False
AW495222,False
Gm5741,False
1700029N11Rik,False
Gm45571,False
Serpinb11,False
Etnppl,False
Gm40394,False
Krt82,False
Gm40493,False
Avp,False
Trim69,False
Gm15328,False
Gm41318,False
Psg26,False
Lime1,False
Gm43067,False
Ccdc121,False
Gm26902,False
Ccno,False
Krt25,False
Vmn2r116,False
Tcrg-C4,False
Tnk2os,False
8030455M16Rik,False
Iltifb,False
Gm32914,False
Gm17033,False
Pcdhb15,False
Gm13016,False
Gm38326,False
Il17rb,False
Hopxos,False
C230072F16Rik,False
Gm16084,False
Mrgpra2a,False
Olfr592,False
Gm11342,False
Edn2,False
Gm30873,False
Gm13855,False
1700010L04Rik,False
Olfr521,False
Gm20387,False
1700013D24Rik,False
Gm8300,False
Ces2h,False
Vmn1r67,False
Olfr317,False
Sppl2c,False
Gm48677,False
Arr3,False
Foxd4,False
Tgtp2,False
Gm7145,False
H2-Aa,False
Gm45168,False
Gm10578,False
Gm3005,False
1700125G22Rik,False
Gm12243,False
Bcas1os1,False
Olfr671,False
Gm42500,False
Tnfrsf18,False
Ackr2,False
Gm47861,False
4930458K08Rik,False
1700027H10Rik,False
4930431P22Rik,False
Oog3,False
Olfr787,False
Gm31881,False
Olfr904,False
Olfr145,False
Gm47348,False
Gm17202,False
Gm47781,False
Gm47326,False
Ccl20,False
Gm648,False
Mettl7b,False
Ceacam2,False
Gm37146,False
Spint4,False
Slc35g3,False
Gm47061,False
C78283,False
Olfr1447,False
Iqcf5,False
Gm28760,False
Gm29336,False
Gm48187,False
Olfr798,False
Igkv1-35,False
Gm45389,False
Prss1,False
1700037C06Rik,False
Olfr1358,False
5330438I03Rik,False
Gm43713,False
Gm34597,False
Gm28380,False
Gm45159,False
Gm47711,False
Gm49173,False
Olfr524,False
Gm48607,False
9830107B12Rik,False
A730090N16Rik,False
Gm34150,False
Olfr1093,False
Vmn2r98,False
1700003C15Rik,False
Gm42205,False
Gm45572,False
Gm29053,False
2310015D24Rik,False
Gm45272,False
Nxnl1,False
Gm6588,False
Olfr117,False
5830468F06Rik,False
Pnma5,False
Traj12,False
1700039E22Rik,False
Gm34004,False
Gm48435,False
Itih4,False
AC118542.1,False
Gm14206,False
Spata19,False
1700121L16Rik,False
Olfr452,False
D16Ertd519e,False
Olfr1048,False
Gm29129,False
Lipn,False
Gm10550,False
Acot5,False
Gm6135,False
Gm47922,False
Gm40923,False
4933433N18Rik,False
Gm14936,False
Gm49163,False
Gm28181,False
Gm47923,False
Olfr1507,False
4930405J17Rik,False
Gzma,False
Gm29290,False
Gm28641,False
Oxct2b,False
Olfr733,False
Abhd16b,False
Gykl1,False
Fam166b,False
Olfr1457,False
Gm48539,False
Olfr623,False
Platr6,False
1700095A13Rik,False
Gm47666,False
Olfr600,False
Gm6569,False
Gm43893,False
Gm44176,False
Gm48801,False
3110004A20Rik,False
Gm16161,False
5330411O13Rik,False
Olfr1054,False
Ssxb9,False
Gm13919,False
Gm13078,False
Gm34756,False
F830016B08Rik,False
Olfr1490,False
Gm34006,False
Gm13610,False
Gm47127,False
Gm41322,False
Gm47761,False
Serpina5,False
Platr10,False
1700023G09Rik,False
Olfr106-ps,False
Gm12065,False
Gm19757,False
Gm44427,False
Kcnab3os,False
Gm48757,False
Gm47212,False
4930458A03Rik,False
Gm15987,False
Tmem225,False
Gm29135,False
Nkg7,False
Gm30489,False
Vmn2r122,False
Olfr1100,False
Ifnl3,False
Olfr140,False
Gm34557,False
Olfr1000,False
Gm28054,False
Olfr812,False
Gm38389,False
Gm10392,False
Olfr788,False
Gm29099,False
4930423M02Rik,False
Igkv4-79,False
Elobl,False
Gm37552,False
Gm29374,False
Cypt3,False
Vmn2r31,False
Gm47390,False
Gm28078,False
Gm8994,False
Gm44020,False
D730050B12Rik,False
Gm29156,False
Gm35240,False
Pabpc6,False
Gm29113,False
Olfr1459,False
Adam30,False
Gm5767,False
Gm44773,False
Olfr9,False
Spem2,False
Gm21817,False
Gm47243,False
Gm6217,False
Gm14288,False
Prg2,False
